Designator,Mid X,Mid Y,Rotation,Layer
J1,-32.2,2.0,45.0,top
J2,27.7,4.5,315.0,top
L2,-23.2,-18.9,0.0,top
Q1,20.311091,-6.888909,225.0,top
Q4,-22.511091,-7.488909,315.0,top
U2,0.0,0.6,315.0,top
U3,8.805,-10.3,270.0,top
